L,R_meter,selected_count,covered_weight,total_weight,coverage_pct
5,200,5,17.0,1087.0,0.015639374425023
10,200,10,32.0,1087.0,0.029438822447102116
15,200,15,47.0,1087.0,0.04323827046918123
5,300,5,20.0,1087.0,0.01839926402943882
10,300,10,39.0,1087.0,0.035878564857405704
15,300,15,54.0,1087.0,0.04967801287948482
5,500,5,38.0,1087.0,0.034958601655933765
10,500,10,71.0,1087.0,0.06531738730450783
15,500,15,101.0,1087.0,0.09291628334866606
